#"Step","Potential Energy (kJ/mole)","Kinetic Energy (kJ/mole)","Temperature (K)","Speed (ns/day)"
500,-58898.590087890625,11837.37109375,242.2715049706462,0
1000,-55691.230712890625,15499.43359375,317.2217102269472,391
1500,-54540.854736328125,16700.962890625,341.81300745965154,406
2000,-54439.75634765625,16835.685546875,344.5703308910817,410
2500,-53896.42578125,17123.44140625,350.45973357709795,412
3000,-53988.46826171875,17324.1015625,354.56657771143455,414
3500,-54564.700439453125,17329.712890625,354.68142288262675,415
4000,-54330.76806640625,17624.61328125,360.7170502940943,415
4500,-54228.26171875,17356.15625,355.2226302521958,416
5000,-54443.470703125,17508.6484375,358.3436367213938,416
5500,-54444.157958984375,17508.470703125,358.33999909153704,416
6000,-54362.80810546875,17164.08203125,351.2915116217093,416
6500,-55031.118896484375,17509.23828125,358.3557088556438,417
7000,-54929.226318359375,17032.771484375,348.6040226887382,417
7500,-54599.326171875,17226.5859375,352.5707581126575,417
8000,-55234.456787109375,17699.646484375,362.25272970296743,417
8500,-54964.227294921875,17505.2734375,358.2745617280697,417
9000,-54771.60302734375,17327.53125,354.63677197548384,418
9500,-55082.00146484375,17663.796875,361.519007768671,418
10000,-55222.084228515625,16815.8828125,344.1650349667106,418
10500,-55654.66748046875,17345.49609375,355.00445240869874,418
11000,-55355.645751953125,17779.724609375,363.8916618362365,418
11500,-55276.9853515625,17408.912109375,356.3023667363844,418
12000,-55457.423828125,17248.65625,353.02246379816825,418
12500,-55832.500732421875,17702.697265625,362.3151690198495,418
13000,-55606.08984375,17382.5625,355.7630781166299,418
13500,-54904.025634765625,17292.033203125,353.910245352992,418
14000,-54966.00109863281,16876.03125,345.396072868568,418
14500,-55216.123046875,17031.962890625,348.58747347158766,418
15000,-55203.33935546875,17336.58203125,354.82201128049775,418
15500,-55540.669921875,17368.6171875,355.4776640817143,418
16000,-55076.749267578125,17318.119140625,354.44413748889303,418
16500,-55581.16638183594,17109.87109375,350.18199454144053,418
17000,-55169.835205078125,17530.03125,358.7812715749311,418
17500,-55057.98876953125,16954.25390625,346.99702974509063,418
18000,-54935.95166015625,17414.564453125,356.4180513606205,418
18500,-55444.805419921875,17694.8125,362.1537941656542,418
19000,-55445.626708984375,17511.849609375,358.4091540327701,418
19500,-55255.424072265625,17183.814453125,351.69536848371945,418
20000,-55288.38916015625,17023.0390625,348.4048324736143,418
20500,-55661.12353515625,17594.05078125,360.09153785454805,418
21000,-55578.212646484375,17524.7890625,358.6739814811337,418
21500,-55496.707275390625,17157.81640625,351.16327517576957,418
22000,-55981.51806640625,17422.78125,356.5862217870757,418
22500,-55660.54541015625,17197.587890625,351.9772648106417,419
23000,-56526.43798828125,17514.125,358.4557236897276,419
23500,-55964.5205078125,16883.2890625,345.54461608337846,419
24000,-56068.670654296875,17478.49609375,357.7265188122863,419
24500,-55592.621826171875,17017.74609375,348.2965030570007,419
25000,-55449.568115234375,16806.39453125,343.9708414958954,419
25500,-55829.469482421875,16974.728515625,347.4160767097994,419
26000,-55574.928466796875,17213.12890625,352.2953375663593,419
26500,-55319.75830078125,17638.0078125,360.99119167384936,419
27000,-55481.29345703125,17751.6484375,363.3170362407306,419
27500,-55482.75732421875,17449.146484375,357.12583019846596,419
28000,-55425.2841796875,17442.6796875,356.9934764352158,419
28500,-55811.95654296875,17383.4140625,355.78050676077885,419
29000,-55559.875244140625,17575.96484375,359.72137903615607,419
29500,-55687.453369140625,17556.1640625,359.31612308573943,419
30000,-55772.447265625,17170.90625,351.43118061862737,419
30500,-55852.695068359375,17351.548828125,355.1283316936011,419
31000,-55682.640869140625,17297.71875,354.0266095344541,419
31500,-55903.291015625,17245.78515625,352.96370208509734,419
32000,-55719.306396484375,16952.50390625,346.96121308188555,419
32500,-55886.26123046875,17331.033203125,354.7084452758485,419
33000,-55795.1318359375,17438.470703125,356.90733256333306,419
33500,-55885.105712890625,17140.771484375,350.81442247511006,419
34000,-55860.215087890625,17355.296875,355.20504171222905,419
34500,-55593.486083984375,17383.99609375,355.7924189992109,419
35000,-55450.3681640625,17281.146484375,353.68743053077634,419
35500,-55567.70703125,17593.7109375,360.0845823864703,419
36000,-55957.988525390625,17642.162109375,361.076216275007,419
36500,-56087.51220703125,17608.443359375,360.3861059250373,419
37000,-55973.0087890625,17503.771484375,358.2438217570823,419
37500,-55781.631103515625,17248.57421875,353.0207848920805,419
38000,-55762.159912109375,17829.14453125,364.90312280619037,419
38500,-55835.486328125,17461.4140625,357.37690660649184,418
39000,-56274.22021484375,17101.37109375,350.00802789158723,418
39500,-55995.197509765625,16943.58203125,346.77861205786667,418
40000,-56371.51318359375,17011.810546875,348.17502220936643,418
40500,-56880.217529296875,17122.07421875,350.431751808969,418
41000,-56455.280517578125,16802.1875,343.8847375979671,418
41500,-56677.112060546875,17337.296875,354.83664174783377,418
42000,-55770.44873046875,17170.2734375,351.4182290573791,418
42500,-55750.156494140625,17161.77734375,351.2443423554347,418
43000,-56061.853271484375,16929.90625,346.4987144286679,418
43500,-56232.874267578125,17555.27734375,359.29797491041006,418
44000,-56326.35400390625,17611.724609375,360.45326216854687,418
44500,-56525.05908203125,17369.4140625,355.4939734551381,418
45000,-55995.77392578125,17083.2421875,349.63698964619687,418
45500,-56455.948974609375,17567.537109375,359.5488914226181,418
46000,-56269.24609375,17431.337890625,356.76134768160864,418
46500,-56423.637939453125,17224.234375,352.5226294714757,418
47000,-56070.29833984375,16868.3984375,345.23985465449937,418
47500,-55738.68859863281,17376.353515625,355.63600091536983,418
48000,-56467.4853515625,17314.775390625,354.3757020788404,418
48500,-56774.705322265625,17279.22265625,353.6480561856234,418
49000,-56456.84375,17719.037109375,362.64959112294537,418
49500,-56531.3505859375,17263.08203125,353.31771142588354,418
50000,-56069.810546875,17188.2421875,351.7859894385029,418
